,QualitaetenID,QualitätenName,ColorCode
0,0,Unbekannt,"(R=0.337255,G=0.337255,B=0.337255,A=1.000000)"
1,1,Schrecklich,"(R=0.305882,G=0.000000,B=0.000000,A=1.000000)"
2,2,Schlecht,"(R=0.498039,G=0.215686,B=0.000000,A=1.000000)"
3,3,Durchschnittlich,"(R=1.000000,G=1.000000,B=1.000000,A=1.000000)"
4,4,Gut,"(R=0.239216,G=0.498039,B=0.000000,A=1.000000)"
5,5,Sehr gut,"(R=0.000000,G=0.560784,B=0.811765,A=1.000000)"
6,6,Legendär,"(R=0.580392,G=0.000000,B=0.811765,A=1.000000)"